{
	"carved twine":5.0,
	"oxidized powder":5.0,
	"efficient mech":5.0,
	"brightcore ore":10.0,
	"sunbeam":10.0,
	
	"peaky twine":0.75,
	"char powder":4.0,
	"sleek mech":4.0,
	"obsidian ore":4.0,
	"shadowshard":4.0,
	
	"sturdy twine":0.03,
	"fine grain powder":0.5,
	"simple mech":3,
	"malachite ore":3,
	"simple twine":0.1,
	"simple powder":0.1,
	"simple mech":1.0,
	"silver ore":2.0,
	
	"stringy twine":0.07,
	"rough powder":0.05,
	"rusty mech":0.5,
	"copper ore":1.0,
	"quartz crystal":3.0,
	
	"wood":0.05,
	"stone":0.15,
	"metal":0.2,
	"batteries":0.2,
	"flower petals":0.01,
	"resin":0.01,
	"nuts and bolts":0.7,
	"rotating gizmo":0.1,
	"herbs":3.0,
	"planks":0.5,
	"blast powder":1.0,
	"rough ore":0.5,
	"duct tape":1.0,
	"bacon":3.0,
	"coal":1.5,
	"active power cell":5.0
}
